Workbook
Name Slicer_Region: #N/A

Sheet Revenue
B3: Category | C3: Revenue
B4: Stationery | C4: =SUMIFS(CustomerTransactions[Revenue],CustomerTransactions[Month],KPI!H$5,CustomerTransactions[Region],KPI!H$7,CustomerTransactions[Category],B4) -> 0
B5: Electronics | C5: =SUMIFS(CustomerTransactions[Revenue],CustomerTransactions[Month],KPI!H$5,CustomerTransactions[Region],KPI!H$7,CustomerTransactions[Category],B5) -> 1500
B6: Accessories | C6: =SUMIFS(CustomerTransactions[Revenue],CustomerTransactions[Month],KPI!H$5,CustomerTransactions[Region],KPI!H$7,CustomerTransactions[Category],B6) -> 50
B7: Furniture | C7: =SUMIFS(CustomerTransactions[Revenue],CustomerTransactions[Month],KPI!H$5,CustomerTransactions[Region],KPI!H$7,CustomerTransactions[Category],B7) -> 13200
B19: customertype | C19: Revenue
B20: Premium | C20: =SUMIFS(CustomerTransactions[Revenue],CustomerTransactions[Month],KPI!H$5,CustomerTransactions[Region],KPI!H$7,CustomerTransactions[CustomerType],Table46[[#This Row],[customertype]]) -> 600
B21: Regular | C21: =SUMIFS(CustomerTransactions[Revenue],CustomerTransactions[Month],KPI!H$5,CustomerTransactions[Region],KPI!H$7,CustomerTransactions[CustomerType],Table46[[#This Row],[customertype]]) -> 14150
A34: No | B34: Month | C34: Revenue
A35: 1 | B35: January | C35: =SUMIFS(CustomerTransactions[Revenue],CustomerTransactions[Month],A35,CustomerTransactions[Region],KPI!H$7) -> 27580
A36: 2 | B36: February | C36: =SUMIFS(CustomerTransactions[Revenue],CustomerTransactions[Month],A36,CustomerTransactions[Region],KPI!H$7) -> 18190
A37: 3 | B37: March | C37: =SUMIFS(CustomerTransactions[Revenue],CustomerTransactions[Month],A37,CustomerTransactions[Region],KPI!H$7) -> 35550
A38: 4 | B38: April | C38: =SUMIFS(CustomerTransactions[Revenue],CustomerTransactions[Month],A38,CustomerTransactions[Region],KPI!H$7) -> 6750
A39: 5 | B39: May | C39: =SUMIFS(CustomerTransactions[Revenue],CustomerTransactions[Month],A39,CustomerTransactions[Region],KPI!H$7) -> 14750
A40: 6 | B40: June | C40: =SUMIFS(CustomerTransactions[Revenue],CustomerTransactions[Month],A40,CustomerTransactions[Region],KPI!H$7) -> 21220

Sheet revenue Trand
A3: Row Labels | B3: Sum of Revenue
A4: April | B4: 124040
A5: Grand Total | B5: 124040

Sheet CustomerTransactions
A1: TransactionID | B1: CustomerID | C1: CustomerName | D1: CustomerType | E1: TransactionDate | F1: Month | G1: Product | H1: Category | I1: Quantity | J1: UnitPrice | K1: Revenue | L1: Region | N1: Month | O1: Monthno | Q1: Region
A2: 1001 | B2: C008 | C2: =VLOOKUP(CustomerTransactions[[#This Row],[CustomerID]],CustomerMaster[#All],2,FALSE) -> Kamal Hossain | D2: =VLOOKUP(CustomerTransactions[[#This Row],[CustomerID]],CustomerMaster[#All],3,FALSE) -> Regular | E2: 45300 | F2: =MONTH(CustomerTransactions[[#This Row],[TransactionDate]]) -> 1 | G2: Pen Set | H2: Stationery | I2: 6 | J2: 30 | K2: =I2*J2 -> 180 | L2: Chattogram | N2: January | O2: 1 | Q2: Chattogram
A3: 1002 | B3: C013 | C3: =VLOOKUP(CustomerTransactions[[#This Row],[CustomerID]],CustomerMaster[#All],2,FALSE) -> Ruma Begum | D3: =VLOOKUP(CustomerTransactions[[#This Row],[CustomerID]],CustomerMaster[#All],3,FALSE) -> Premium | E3: 45360 | F3: =MONTH(CustomerTransactions[[#This Row],[TransactionDate]]) -> 3 | G3: Mouse | H3: Accessories | I3: 4 | J3: 200 | K3: =I3*J3 -> 800 | L3: Sylhet | N3: February | O3: 2 | Q3: Sylhet
A4: 1003 | B4: C019 | C4: =VLOOKUP(CustomerTransactions[[#This Row],[CustomerID]],CustomerMaster[#All],2,FALSE) -> Shirin Khan | D4: =VLOOKUP(CustomerTransactions[[#This Row],[CustomerID]],CustomerMaster[#All],3,FALSE) -> Regular | E4: 45372 | F4: =MONTH(CustomerTransactions[[#This Row],[TransactionDate]]) -> 3 | G4: Monitor | H4: Electronics | I4: 8 | J4: 1200 | K4: =I4*J4 -> 9600 | L4: Rajshahi | N4: March | O4: 3 | Q4: Rajshahi
A5: 1004 | B5: C013 | C5: =VLOOKUP(CustomerTransactions[[#This Row],[CustomerID]],CustomerMaster[#All],2,FALSE) -> Ruma Begum | D5: =VLOOKUP(CustomerTransactions[[#This Row],[CustomerID]],CustomerMaster[#All],3,FALSE) -> Premium | E5: 45456 | F5: =MONTH(CustomerTransactions[[#This Row],[TransactionDate]]) -> 6 | G5: Headphones | H5: Accessories | I5: 3 | J5: 350 | K5: =I5*J5 -> 1050 | L5: Sylhet | N5: April | O5: 4 | Q5: Dhaka
A6: 1005 | B6: C009 | C6: =VLOOKUP(CustomerTransactions[[#This Row],[CustomerID]],CustomerMaster[#All],2,FALSE) -> Nusrat Akter | D6: =VLOOKUP(CustomerTransactions[[#This Row],[CustomerID]],CustomerMaster[#All],3,FALSE) -> Premium | E6: 45327 | F6: =MONTH(CustomerTransactions[[#This Row],[TransactionDate]]) -> 2 | G6: Monitor | H6: Electronics | I6: 9 | J6: 1200 | K6: =I6*J6 -> 10800 | L6: Rajshahi | N6: May | O6: 5 | Q6: Khulna
A7: 1006 | B7: C018 | C7: =VLOOKUP(CustomerTransactions[[#This Row],[CustomerID]],CustomerMaster[#All],2,FALSE) -> Karim Sarker | D7: =VLOOKUP(CustomerTransactions[[#This Row],[CustomerID]],CustomerMaster[#All],3,FALSE) -> Premium | E7: 45359 | F7: =MONTH(CustomerTransactions[[#This Row],[TransactionDate]]) -> 3 | G7: Notebook | H7: Stationery | I7: 10 | J7: 20 | K7: =I7*J7 -> 200 | L7: Chattogram | N7: June | O7: 6
A8: 1007 | B8: C014 | C8: =VLOOKUP(CustomerTransactions[[#This Row],[CustomerID]],CustomerMaster[#All],2,FALSE) -> Karim Ahmed | D8: =VLOOKUP(CustomerTransactions[[#This Row],[CustomerID]],CustomerMaster[#All],3,FALSE) -> Regular | E8: 45441 | F8: =MONTH(CustomerTransactions[[#This Row],[TransactionDate]]) -> 5 | G8: Office Desk | H8: Furniture | I8: 6 | J8: 2200 | K8: =I8*J8 -> 13200 | L8: Chattogram | N8: July | O8: 7
A9: 1008 | B9: C008 | C9: =VLOOKUP(CustomerTransactions[[#This Row],[CustomerID]],CustomerMaster[#All],2,FALSE) -> Kamal Hossain | D9: =VLOOKUP(CustomerTransactions[[#This Row],[CustomerID]],CustomerMaster[#All],3,FALSE) -> Regular | E9: 45327 | F9: =MONTH(CustomerTransactions[[#This Row],[TransactionDate]]) -> 2 | G9: Webcam | H9: Electronics | I9: 8 | J9: 400 | K9: =I9*J9 -> 3200 | L9: Chattogram | N9: August | O9: 8
A10: 1009 | B10: C003 | C10: =VLOOKUP(CustomerTransactions[[#This Row],[CustomerID]],CustomerMaster[#All],2,FALSE) -> Mahmud Chowdhury | D10: =VLOOKUP(CustomerTransactions[[#This Row],[CustomerID]],CustomerMaster[#All],3,FALSE) -> Premium | E10: 45304 | F10: =MONTH(CustomerTransactions[[#This Row],[TransactionDate]]) -> 1 | G10: Desk Lamp | H10: Furniture | I10: 2 | J10: 300 | K10: =I10*J10 -> 600 | L10: Dhaka | N10: September | O10: 9
A11: 1010 | B11: C005 | C11: =VLOOKUP(CustomerTransactions[[#This Row],[CustomerID]],CustomerMaster[#All],2,FALSE) -> Lucky Islam | D11: =VLOOKUP(CustomerTransactions[[#This Row],[CustomerID]],CustomerMaster[#All],3,FALSE) -> Regular | E11: 45452 | F11: =MONTH(CustomerTransactions[[#This Row],[TransactionDate]]) -> 6 | G11: Keyboard | H11: Accessories | I11: 7 | J11: 250 | K11: =I11*J11 -> 1750 | L11: Sylhet | N11: October | O11: 10
A12: 1011 | B12: C020 | C12: =VLOOKUP(CustomerTransactions[[#This Row],[CustomerID]],CustomerMaster[#All],2,FALSE) -> Lucky Islam | D12: =VLOOKUP(CustomerTransactions[[#This Row],[CustomerID]],CustomerMaster[#All],3,FALSE) -> Premium | E12: 45308 | F12: =MONTH(CustomerTransactions[[#This Row],[TransactionDate]]) -> 1 | G12: Office Desk | H12: Furniture | I12: 7 | J12: 2200 | K12: =I12*J12 -> 15400 | L12: Khulna | N12: November | O12: 11
A13: 1012 | B13: C020 | C13: =VLOOKUP(CustomerTransactions[[#This Row],[CustomerID]],CustomerMaster[#All],2,FALSE) -> Lucky Islam | D13: =VLOOKUP(CustomerTransactions[[#This Row],[CustomerID]],CustomerMaster[#All],3,FALSE) -> Premium | E13: 45411 | F13: =MONTH(CustomerTransactions[[#This Row],[TransactionDate]]) -> 4 | G13: Webcam | H13: Electronics | I13: 5 | J13: 400 | K13: =I13*J13 -> 2000 | L13: Khulna | N13: December | O13: 12
A14: 1013 | B14: C018 | C14: =VLOOKUP(CustomerTransactions[[#This Row],[CustomerID]],CustomerMaster[#All],2,FALSE) -> Karim Sarker | D14: =VLOOKUP(CustomerTransactions[[#This Row],[CustomerID]],CustomerMaster[#All],3,FALSE) -> Premium | E14: 45294 | F14: =MONTH(CustomerTransactions[[#This Row],[TransactionDate]]) -> 1 | G14: External HDD | H14: Electronics | I14: 2 | J14: 700 | K14: =I14*J14 -> 1400 | L14: Chattogram
A15: 1014 | B15: C018 | C15: =VLOOKUP(CustomerTransactions[[#This Row],[CustomerID]],CustomerMaster[#All],2,FALSE) -> Karim Sarker | D15: =VLOOKUP(CustomerTransactions[[#This Row],[CustomerID]],CustomerMaster[#All],3,FALSE) -> Premium | E15: 45360 | F15: =MONTH(CustomerTransactions[[#This Row],[TransactionDate]]) -> 3 | G15: Pen Set | H15: Stationery | I15: 6 | J15: 30 | K15: =I15*J15 -> 180 | L15: Chattogram
A16: 1015 | B16: C004 | C16: =VLOOKUP(CustomerTransactions[[#This Row],[CustomerID]],CustomerMaster[#All],2,FALSE) -> Karim Islam | D16: =VLOOKUP(CustomerTransactions[[#This Row],[CustomerID]],CustomerMaster[#All],3,FALSE) -> Premium | E16: 45367 | F16: =MONTH(CustomerTransactions[[#This Row],[TransactionDate]]) -> 3 | G16: Office Desk | H16: Furniture | I16: 3 | J16: 2200 | K16: =I16*J16 -> 6600 | L16: Chattogram
A17: 1016 | B17: C015 | C17: =VLOOKUP(CustomerTransactions[[#This Row],[CustomerID]],CustomerMaster[#All],2,FALSE) -> Karim Islam | D17: =VLOOKUP(CustomerTransactions[[#This Row],[CustomerID]],CustomerMaster[#All],3,FALSE) -> Regular | E17: 45292 | F17: =MONTH(CustomerTransactions[[#This Row],[TransactionDate]]) -> 1 | G17: Notebook | H17: Stationery | I17: 5 | J17: 20 | K17: =I17*J17 -> 100 | L17: Dhaka
A18: 1017 | B18: C017 | C18: =VLOOKUP(CustomerTransactions[[#This Row],[CustomerID]],CustomerMaster[#All],2,FALSE) -> Nasrin Begum | D18: =VLOOKUP(CustomerTransactions[[#This Row],[CustomerID]],CustomerMaster[#All],3,FALSE) -> Regular | E18: 45337 | F18: =MONTH(CustomerTransactions[[#This Row],[TransactionDate]]) -> 2 | G18: Webcam | H18: Electronics | I18: 2 | J18: 400 | K18: =I18*J18 -> 800 | L18: Chattogram
A19: 1018 | B19: C010 | C19: =VLOOKUP(CustomerTransactions[[#This Row],[CustomerID]],CustomerMaster[#All],2,FALSE) -> Nasrin Begum | D19: =VLOOKUP(CustomerTransactions[[#This Row],[CustomerID]],CustomerMaster[#All],3,FALSE) -> Regular | E19: 45455 | F19: =MONTH(CustomerTransactions[[#This Row],[TransactionDate]]) -> 6 | G19: Webcam | H19: Electronics | I19: 10 | J19: 400 | K19: =I19*J19 -> 4000 | L19: Sylhet
A20: 1019 | B20: C007 | C20: =VLOOKUP(CustomerTransactions[[#This Row],[CustomerID]],CustomerMaster[#All],2,FALSE) -> Rahim Hossain | D20: =VLOOKUP(CustomerTransactions[[#This Row],[CustomerID]],CustomerMaster[#All],3,FALSE) -> Regular | E20: 45331 | F20: =MONTH(CustomerTransactions[[#This Row],[TransactionDate]]) -> 2 | G20: Desk Chair | H20: Furniture | I20: 3 | J20: 1500 | K20: =I20*J20 -> 4500 | L20: Rajshahi
A21: 1020 | B21: C018 | C21: =VLOOKUP(CustomerTransactions[[#This Row],[CustomerID]],CustomerMaster[#All],2,FALSE) -> Karim Sarker | D21: =VLOOKUP(CustomerTransactions[[#This Row],[CustomerID]],CustomerMaster[#All],3,FALSE) -> Premium | E21: 45427 | F21: =MONTH(CustomerTransactions[[#This Row],[TransactionDate]]) -> 5 | G21: Router | H21: Electronics | I21: 1 | J21: 600 | K21: =I21*J21 -> 600 | L21: Chattogram
A22: 1021 | B22: C020 | C22: =VLOOKUP(CustomerTransactions[[#This Row],[CustomerID]],CustomerMaster[#All],2,FALSE) -> Lucky Islam | D22: =VLOOKUP(CustomerTransactions[[#This Row],[CustomerID]],CustomerMaster[#All],3,FALSE) -> Premium | E22: 45374 | F22: =MONTH(CustomerTransactions[[#This Row],[TransactionDate]]) -> 3 | G22: Headphones | H22: Accessories | I22: 1 | J22: 350 | K22: =I22*J22 -> 350 | L22: Khulna
A23: 1022 | B23: C004 | C23: =VLOOKUP(CustomerTransactions[[#This Row],[CustomerID]],CustomerMaster[#All],2,FALSE) -> Karim Islam | D23: =VLOOKUP(CustomerTransactions[[#This Row],[CustomerID]],CustomerMaster[#All],3,FALSE) -> Premium | E23: 45384 | F23: =MONTH(CustomerTransactions[[#This Row],[TransactionDate]]) -> 4 | G23: Router | H23: Electronics | I23: 5 | J23: 600 | K23: =I23*J23 -> 3000 | L23: Chattogram
A24: 1023 | B24: C008 | C24: =VLOOKUP(CustomerTransactions[[#This Row],[CustomerID]],CustomerMaster[#All],2,FALSE) -> Kamal Hossain | D24: =VLOOKUP(CustomerTransactions[[#This Row],[CustomerID]],CustomerMaster[#All],3,FALSE) -> Regular | E24: 45306 | F24: =MONTH(CustomerTransactions[[#This Row],[TransactionDate]]) -> 1 | G24: Monitor | H24: Electronics | I24: 10 | J24: 1200 | K24: =I24*J24 -> 12000 | L24: Chattogram
A25: 1024 | B25: C003 | C25: =VLOOKUP(CustomerTransactions[[#This Row],[CustomerID]],CustomerMaster[#All],2,FALSE) -> Mahmud Chowdhury | D25: =VLOOKUP(CustomerTransactions[[#This Row],[CustomerID]],CustomerMaster[#All],3,FALSE) -> Premium | E25: 45313 | F25: =MONTH(CustomerTransactions[[#This Row],[TransactionDate]]) -> 1 | G25: Notebook | H25: Stationery | I25: 8 | J25: 20 | K25: =I25*J25 -> 160 | L25: Dhaka
... A101: 1100 | B101: C009 | C101: =VLOOKUP(CustomerTransactions[[#This Row],[CustomerID]],CustomerMaster[#All],2,FALSE) -> Nusrat Akter | D101: =VLOOKUP(CustomerTransactions[[#This Row],[CustomerID]],CustomerMaster[#All],3,FALSE) -> Premium | E101: 45376 | F101: =MONTH(CustomerTransactions[[#This Row],[TransactionDate]]) -> 3 | G101: External HDD | H101: Electronics | I101: 9 | J101: 700 | K101: =I101*J101 -> 6300 | L101: Rajshahi
G102: Total Revenue | J102: =SUM(CustomerTransactions[Revenue]) -> 330940
G103: Total Premium Revenue | J103: =SUMIFS(CustomerTransactions[Revenue],CustomerTransactions[CustomerType],"Premium") -> 164620
G104: Total Regular Revenue | J104: =SUMIFS(CustomerTransactions[Revenue],CustomerTransactions[CustomerType],"Regular") -> 166320
G105: Total Electronic Revenue | J105: =SUMIFS(CustomerTransactions[Revenue],CustomerTransactions[Category],"Electronics",CustomerTransactions[Region],"Sylhet") -> 24700
G106: Total Premium Transaction | J106: =COUNTIF(CustomerTransactions[CustomerType],"Premium") -> 50
G107: Total electronic premium transaction | J107: =COUNTIFS(CustomerTransactions[CustomerType],"Premium",CustomerTransactions[Category],"Electronics") -> 18

Sheet KPI
F2: KPI
F4: Month | H4: =Dashboard!E5 -> May | J4: Total Revenue | M4: =SUMIFS(CustomerTransactions[Revenue],CustomerTransactions[Month],KPI!H5,CustomerTransactions[Region],KPI!H7) -> 14750
F5: MonthNo | H5: =VLOOKUP(H4,CustomerTransactions!N2:O13,2,FALSE) -> 5 | J5: Transaction Count | M5: =COUNTIFS(CustomerTransactions[Month],KPI!H5,CustomerTransactions[Region],KPI!H7) -> 4
J6: Total Quantity | M6: =SUMIFS(CustomerTransactions[Quantity],CustomerTransactions[Month],KPI!H5,CustomerTransactions[Region],KPI!H7) -> 9
F7: Region | H7: =Dashboard!E8 -> Chattogram | J7: Average Unit Price | M7: =IFERROR(AVERAGEIFS(CustomerTransactions[UnitPrice],CustomerTransactions[Month],KPI!H5,CustomerTransactions[Region],KPI!H7),"N/A") -> 937.5
J8: Premium Transactions | M8: =COUNTIFS(CustomerTransactions[Month],KPI!H5,CustomerTransactions[Region], KPI!H7,CustomerTransactions[CustomerType],"Premium") -> 1
J9: Premium Revenue | M9: =SUMIFS(CustomerTransactions[Revenue],CustomerTransactions[Month],KPI!H5,CustomerTransactions[Region], KPI!H7,CustomerTransactions[CustomerType],"Premium") -> 600

Sheet CustomerMaster
A1: CustomerID | B1: CustomerName | C1: CustomerType
A2: C001 | B2: Nusrat Ahmed | C2: Premium
A3: C002 | B3: Ayesha Hossain | C3: Premium
A4: C003 | B4: Mahmud Chowdhury | C4: Premium
A5: C004 | B5: Karim Islam | C5: Premium
A6: C005 | B6: Lucky Islam | C6: Regular
A7: C006 | B7: Ayesha Khan | C7: Regular
A8: C007 | B8: Rahim Hossain | C8: Regular
A9: C008 | B9: Kamal Hossain | C9: Regular
A10: C009 | B10: Nusrat Akter | C10: Premium
A11: C010 | B11: Nasrin Begum | C11: Regular
A12: C011 | B12: Fatema Khan | C12: Premium
... A21: C020 | B21: Lucky Islam | C21: Premium

Sheet Dashboard
C1: Sales Performance Dashboard
C5: Month | E5: May | G5: Total Revenue | J5: Transaction Count | M5: Total Quantity
G6: =KPI!M4 -> 14750 | J6: =KPI!M5 -> 4 | M6: =KPI!M6 -> 9
C8: Region | E8: Chattogram | G8: Average Unit | J8: Premium Transaction | M8: Premium Revenue
G9: =KPI!M7 -> 937.5 | J9: =KPI!M8 -> 1 | M9: =KPI!M9 -> 600
